Rep Name,Territory,Quarter,Quota (USD),Manager,Last Updated By
Aditi Sharma,West,Q1 2023,214352,Anjali Desai,ops.team@company.com
Aditi Sharma,West,Q2 2023,247389,Anjali Desai,ops.team@company.com
Aditi Sharma,West,Q3 2023,219778,Anjali Desai,revops@company.com
Aditi Sharma,west,Q4 2023,211574,Anjali Desai,revops@company.com
Aditi Sharma,West,Q1 2024,243513,Anjali Desai,ops.team@company.com
Aditi Sharma,West,Q2 2024,210321,Anjali Desai,ops.team@company.com
Aditi Sharma,West,Q3 2024,223789,Anjali Desai,ops.team@company.com
Aditi Sharma,West,Q4 2024,219514,Anjali Desai,ops.team@company.com
Aditi Sharma,West,Q1 2025,217573,Anjali Desai,revops@company.com
Aditi Sharma,West,Q2 2025,236877,Anjali Desai,ops.team@company.com
Aditi Sharma,West,Q3 2025,217547,Anjali Desai,ops.team@company.com
Aditi Sharma,West,Q4 2025,217597,Anjali Desai,ops.team@company.com
Aditi Sharma,west,Q1 2026,221842,Anjali Desai,ops.team@company.com
Aditi Sharma,West,Q2 2026,239261,Anjali Desai,revops@company.com
Aditi Sharma,West,Q3 2026,226297,Anjali Desai,ops.team@company.com
Rohan Verma,North,Q1 2023,154242,Rahul Mehta,revops@company.com
Rohan Verma,North,Q2 2023,148657,Rahul Mehta,revops@company.com
Rohan Verma,North,Q3 2023,154756,Rahul Mehta,revops@company.com
Rohan Verma,North,Q4 2023,146543,Rahul Mehta,revops@company.com
Rohan Verma,North,Q1 2024,169394,Rahul Mehta,ops.team@company.com
Rohan Verma,North,Q2 2024,172776,Rahul Mehta,ops.team@company.com
Rohan Verma,North,Q3 2024,174080,Rahul Mehta,ops.team@company.com
Rohan Verma,North,Q4 2024,159033,Rahul Mehta,revops@company.com
Rohan Verma,North,Q1 2025,139326,Rahul Mehta,ops.team@company.com
Rohan Verma,North,Q2 2025,149065,Rahul Mehta,revops@company.com
Rohan Verma,North,Q3 2025,143401,Rahul Mehta,ops.team@company.com
Rohan Verma,North,Q4 2025,141368,Rahul Mehta,ops.team@company.com
Rohan Verma,North,Q1 2026,153052,Rahul Mehta,revops@company.com
Rohan Verma,North,Q2 2026,170365,Rahul Mehta,ops.team@company.com
Rohan Verma,North,Q3 2026,148894,Rahul Mehta,ops.team@company.com
Meera Iyer,North,Q1 2023,166680,Anjali Desai,ops.team@company.com
Meera Iyer,North,Q2 2023,192686,Anjali Desai,revops@company.com
Meera Iyer,North,Q3 2023,180126,Anjali Desai,ops.team@company.com
Meera Iyer,North,Q4 2023,204260,Anjali Desai,ops.team@company.com
Meera Iyer,North,Q1 2024,193260,Anjali Desai,revops@company.com
Meera Iyer,North,Q2 2024,179955,Anjali Desai,ops.team@company.com
Meera Iyer,North,Q3 2024,187438,Anjali Desai,ops.team@company.com
Meera Iyer,North,Q4 2024,165496,Anjali Desai,revops@company.com
Meera Iyer,North,Q1 2025,167122,Anjali Desai,revops@company.com
Meera Iyer,North,Q2 2025,191577,Anjali Desai,revops@company.com
Meera Iyer,North,Q3 2025,189154,Anjali Desai,ops.team@company.com
Meera Iyer,North,Q4 2025,189306,Anjali Desai,revops@company.com
Meera Iyer,North,Q1 2026,189377,Anjali Desai,ops.team@company.com
Meera Iyer,North,Q2 2026,181467,Anjali Desai,revops@company.com
Meera Iyer,North,Q3 2026,195260,Anjali Desai,ops.team@company.com
Karan Malhotra,East,Q1 2023,168697,Rahul Mehta,revops@company.com
Karan Malhotra,East,Q2 2023,171296,Rahul Mehta,revops@company.com
Karan Malhotra,East,Q3 2023,140896,Rahul Mehta,ops.team@company.com
Karan Malhotra,east,Q4 2023,170676,Rahul Mehta,revops@company.com
Karan Malhotra,East,Q1 2024,164344,Rahul Mehta,ops.team@company.com
Karan Malhotra,East,Q2 2024,157460,Rahul Mehta,ops.team@company.com
Karan Malhotra,east,Q3 2024,168316,Rahul Mehta,ops.team@company.com
Karan Malhotra,East,Q4 2024,138531,Rahul Mehta,ops.team@company.com
Karan Malhotra,East,Q1 2025,138132,Rahul Mehta,revops@company.com
Karan Malhotra,East,Q2 2025,167245,Rahul Mehta,ops.team@company.com
Karan Malhotra,East,Q3 2025,,Rahul Mehta,revops@company.com
Karan Malhotra,East,Q4 2025,146909,Rahul Mehta,revops@company.com
Karan Malhotra,East,Q1 2026,164282,Rahul Mehta,revops@company.com
Karan Malhotra,east,Q2 2026,167517,Rahul Mehta,ops.team@company.com
Karan Malhotra,East,Q3 2026,156873,Rahul Mehta,ops.team@company.com
Priya Nair,South,Q1 2023,261383,Rahul Mehta,revops@company.com
Priya Nair,South,Q2 2023,251660,Rahul Mehta,revops@company.com
Priya Nair,south,Q3 2023,244759,Rahul Mehta,ops.team@company.com
Priya Nair,South,Q4 2023,244058,Rahul Mehta,ops.team@company.com
Priya Nair,South,Q1 2024,238773,Rahul Mehta,revops@company.com
Priya Nair,South,Q2 2024,241564,Rahul Mehta,ops.team@company.com
Priya Nair,South,Q3 2024,239444,Rahul Mehta,revops@company.com
Priya Nair,South,Q4 2024,265628,Rahul Mehta,ops.team@company.com
Priya Nair,South,Q1 2025,252215,Rahul Mehta,ops.team@company.com
Priya Nair,South,Q2 2025,271891,Rahul Mehta,revops@company.com
Priya Nair,south,Q3 2025,272628,Rahul Mehta,ops.team@company.com
Priya Nair,South,Q4 2025,255753,Rahul Mehta,ops.team@company.com
Priya Nair,South,Q1 2026,273643,Rahul Mehta,revops@company.com
Priya Nair,South,Q2 2026,260886,Rahul Mehta,revops@company.com
Priya Nair,South,Q3 2026,249659,Rahul Mehta,revops@company.com
Arjun Rao,South,Q1 2023,162169,Anjali Desai,revops@company.com
Arjun Rao,South,Q2 2023,141688,Anjali Desai,ops.team@company.com
Arjun Rao,South,Q3 2023,144728,Anjali Desai,ops.team@company.com
Arjun Rao,South,Q4 2023,166786,Anjali Desai,ops.team@company.com
Arjun Rao,South,Q1 2024,146416,Anjali Desai,ops.team@company.com
Arjun Rao,South,Q2 2024,168776,Anjali Desai,ops.team@company.com
Arjun Rao,South,Q3 2024,164233,Anjali Desai,revops@company.com
Arjun Rao,South,Q4 2024,145822,Anjali Desai,ops.team@company.com
Arjun Rao,South,Q1 2025,136724,Anjali Desai,revops@company.com
Arjun Rao,South,Q2 2025,170425,Anjali Desai,revops@company.com
Arjun Rao,South,Q3 2025,138599,Anjali Desai,ops.team@company.com
Arjun Rao,south,Q4 2025,152006,Anjali Desai,ops.team@company.com
Arjun Rao,South,Q1 2026,150414,Anjali Desai,revops@company.com
Arjun Rao,South,Q2 2026,144607,Anjali Desai,revops@company.com
Arjun Rao,South,Q3 2026,136468,Anjali Desai,revops@company.com
Sneha Kapoor,South,Q1 2023,237001,Anjali Desai,revops@company.com
Sneha Kapoor,South,Q2 2023,252041,Anjali Desai,ops.team@company.com
Sneha Kapoor,South,Q3 2023,264575,Anjali Desai,ops.team@company.com
Sneha Kapoor,South,Q4 2023,272426,Anjali Desai,revops@company.com
Sneha Kapoor,South,Q1 2024,263682,Anjali Desai,ops.team@company.com
Sneha Kapoor,South,Q2 2024,236683,Anjali Desai,revops@company.com
Sneha Kapoor,South,Q3 2024,255984,Anjali Desai,ops.team@company.com
Sneha Kapoor,South,Q4 2024,247380,Anjali Desai,revops@company.com
Sneha Kapoor,South,Q1 2025,240996,Anjali Desai,ops.team@company.com
Sneha Kapoor,South,Q2 2025,268482,Anjali Desai,revops@company.com
Sneha Kapoor,South,Q3 2025,245836,Anjali Desai,ops.team@company.com
Sneha Kapoor,South,Q4 2025,265366,Anjali Desai,revops@company.com
Sneha Kapoor,South,Q1 2026,238278,Anjali Desai,ops.team@company.com
Sneha Kapoor,South,Q2 2026,242727,Anjali Desai,revops@company.com
Sneha Kapoor,South,Q3 2026,242372,Anjali Desai,ops.team@company.com
Vikram Singh,South,Q1 2023,196949,Anjali Desai,ops.team@company.com
Vikram Singh,South,Q2 2023,186843,Anjali Desai,revops@company.com
Vikram Singh,South,Q3 2023,203078,Anjali Desai,revops@company.com
Vikram Singh,South,Q4 2023,176909,Anjali Desai,revops@company.com
Vikram Singh,South,Q1 2024,183549,Anjali Desai,ops.team@company.com
Vikram Singh,South,Q2 2024,182355,Anjali Desai,revops@company.com
Vikram Singh,South,Q3 2024,194691,Anjali Desai,revops@company.com
Vikram Singh,South,Q4 2024,165761,Anjali Desai,revops@company.com
Vikram Singh,South,Q1 2025,174328,Anjali Desai,ops.team@company.com
Vikram Singh,South,Q2 2025,191648,Anjali Desai,ops.team@company.com
Vikram Singh,South,Q3 2025,197933,Anjali Desai,ops.team@company.com
Vikram Singh,South,Q4 2025,182427,Anjali Desai,ops.team@company.com
Vikram Singh,South,Q1 2026,167692,Anjali Desai,revops@company.com
Vikram Singh,South,Q2 2026,190899,Anjali Desai,revops@company.com
Vikram Singh,South,Q3 2026,204448,Anjali Desai,ops.team@company.com
